name,frequency
Mary,470970
John,385131
William,314867
James,287233
Robert,263605
Helen,244990
Dorothy,215402
Margaret,187279
Joseph,181395
Charles,180758
George,180404
Ruth,173327
Edward,130443
Mildred,121351
Frank,116631
Elizabeth,112110
Anna,111845
Frances,105646
Virginia,100692
Thomas,94436
Evelyn,91835
Walter,91105
Marie,88378
Harold,84016
Richard,81794
Paul,81706
Alice,81697
Henry,79481
Florence,77760
Raymond,75843
Lillian,71879
Willie,71525
Rose,70286
Albert,68944
Arthur,68749
Irene,67586
Harry,66164
Louise,64881
Donald,63944
Catherine,63276
Edna,62434
Gladys,61843
Josephine,59629
Doris,59279
Martha,58401
Ethel,58184
Ruby,58032
Eleanor,55677
Lucille,54897
Ralph,54675
Edith,54552
Thelma,54506
Grace,54241
Hazel,54089
Betty,54004
Jack,53046
Louis,50594
Pauline,49545
Clarence,49327
Carl,49288
Annie,48595
Howard,48037
Marion,47975
Marjorie,47505
Esther,46630
Kenneth,46486
Francis,46461
David,45630
Gertrude,45610
Fred,44148
Jean,43250
Beatrice,42111
Earl,41875
Roy,41442
Clara,40951
Bernice,40519
Lois,40044
Joe,39266
Emma,38437
Ann,38088
Eugene,37967
Ernest,37602
Stanley,37379
Lawrence,37359
Julia,37064
Elsie,36975
Agnes,36705
Bertha,36130
Katherine,35962
Sarah,35800
Jessie,35731
Anthony,35701
Herbert,34805
Leonard,33655
Samuel,33639
Alfred,33315
Eva,32493
Anne,32125
Ida,31856
Pearl,31575
Viola,30605
Michael,30498
Bessie,30185
Jane,29679
Myrtle,29554
Elmer,29314
Kathryn,28736
Laura,28648
Nellie,28429
Andrew,28187
Leo,27547
Stella,27385
Rita,27305
Vera,27169
Mabel,27086
Bernard,26929
Norman,26457
Barbara,26234
Russell,25831
Alma,25686
Peter,25148
Sylvia,25059
Daniel,24806
Edwin,24619
Minnie,24450
Chester,24400
Vivian,24346
Frederick,23826
June,23189
Melvin,23079
Violet,22996
Ella,22938
Marian,22923
Charlotte,22886
Lloyd,22765
Genevieve,22743
Leona,22718
Herman,22405
Juanita,22176
Wilma,22107
Lillie,22097
Leroy,21976
Jennie,21858
Marguerite,21823
Lester,21817
Lucy,21815
Floyd,21810
Clifford,21657
Lena,21516
Theodore,21248
Geraldine,21022
Ellen,20866
Clyde,20866
Blanche,20190
Phyllis,19872
Charlie,19768
Mattie,19709
Mae,19453
Maxine,19427
Opal,19329
Ray,19201
Marvin,19079
Vincent,18753
Philip,18528
Lee,18484
Vernon,18456
Lorraine,18306
Lewis,17933
Gerald,17889
Milton,17596
Sam,17578
Cecil,17549
Victor,17546
Theresa,17527
Norma,17525
Velma,17521
Kathleen,17402
Nancy,17384
Beulah,17162
Shirley,17090
Benjamin,17027
Woodrow,16930
Martin,16387
Emily,16295
Jesse,16282
Warren,16102
Alvin,16084
Willard,16074
Leon,15773
Georgia,15759
Carrie,15646
Sophie,15572
Johnnie,15446
Harriet,15355
Sara,15299
Inez,15290
Eunice,15011
Geneva,14987
Glenn,14876
Hilda,14768
Fannie,14550
Rosa,14479
Oscar,14458
Gordon,14328
Hattie,14174
Edgar,14134
Loretta,14129
Audrey,14108
Eileen,14108
Christine,13832
Ada,13778
Harvey,13679
Cora,13645
Alberta,13611
Stephen,13281
Arnold,13033
Dora,12986
Everett,12921
Verna,12779
Claude,12719
Sidney,12574
Mamie,12551
Madeline,12525
Wilbur,12497
Wayne,12457
Lula,12402
Estelle,12393
Muriel,12215
Morris,12101
Eddie,12072
Dolores,11798
Naomi,11794
Maurice,11741
Allen,11730
Olive,11588
Jeanette,11572
Olga,11492
Wanda,11473
Homer,11450
Janet,11340
Gilbert,11146
Leslie,11119
Virgil,11106
Alexander,11079
Miriam,11034
Daisy,10952
Patricia,10903
Lola,10891
Maria,10884
Max,10852
Mable,10827
Sadie,10760
Flora,10745
Lucile,10666
Irving,10413
Erma,10386
Roberta,10313
Hugh,10288
Elaine,10110
Winifred,10081
Rachel,10078
Victoria,10054
Susie,10048
Anita,10008
Caroline,9962
Nora,9956
Nicholas,9953
Jeanne,9849
Julius,9824
Irma,9784
Maggie,9721
Hubert,9715
Lottie,9618
Steve,9597
Henrietta,9591
Luther,9421
Wallace,9411
Roland,9244
Dale,9160
Cleo,9132
Carolyn,9080
Roger,9047
Curtis,9034
Eula,8965
Glen,8917
Fern,8908
Ben,8881
Ollie,8820
Bonnie,8702
Rebecca,8642
Adeline,8578
Rosie,8512
Manuel,8460
Della,8447
Arlene,8392
Franklin,8364
Horace,8346
Oliver,8340
Jacob,8258
Lydia,8239
Nettie,8220
Nina,8219
Amelia,8125
Sally,8116
Marcella,8064
Lorene,8009
Jimmie,7939
Orville,7939
Rosemary,7930
Mike,7861
Antoinette,7832
Wesley,7762
Alex,7759
Douglas,7704
Joan,7635
Tony,7601
Jerome,7527
Goldie,7472
Willis,7454
Edmund,7349
Jeannette,7334
Dorothea,7323
Tom,7277
Veronica,7237
Katie,7224
Laverne,7217
Merle,7136
Isabel,7106
Joyce,7052
Essie,7026
Regina,7014
Eloise,7005
May,7004
Margie,6983
Bill,6978
Ora,6969
Jerry,6899
Freda,6880
Archie,6766
Earnest,6649
Isabelle,6623
Otis,6619
Constance,6563
Rudolph,6550
Nathan,6515
Claire,6513
Adele,6506
Effie,6491
Bennie,6440
Emil,6440
Guy,6439
Wilson,6407
Faye,6379
Angelina,6349
Sallie,6260
Angeline,6256
Lela,6200
Iva,6198
Cecelia,6194
Billie,6192
Ira,6146
Addie,6128
Matthew,6128
Luella,6081
Jose,6067
Rosalie,6032
Salvatore,6024
Jewell,5993
Susan,5980
Carol,5977
Clifton,5961
Angelo,5908
Don,5826
Bruce,5803
Lyle,5789
Calvin,5784
Patrick,5752
Celia,5730
Clayton,5716
Jewel,5702
Elva,5523
Carmen,5499
Sue,5498
Frieda,5478
Marshall,5457
Leola,5452
Fay,5449
Etta,5423
Jim,5420
Delbert,5415
Maude,5396
Annette,5380
Abraham,5346
Alta,5334
Ronald,5334
Clinton,5329
Wilbert,5329
Selma,5319
Sylvester,5251
Irvin,5200
Lila,5189
Otto,5171
Lizzie,5087
Johnie,5084
Phillip,5067
Ervin,5044
Ernestine,5034
Cecilia,5017
Ola,4996
Wilfred,4933
Ina,4916
Angela,4913
Nell,4903
Ivan,4900
Mollie,4850
Forrest,4818
Janie,4774
Elbert,4770
Helene,4740
Reba,4708
Lonnie,4683
Teresa,4681
Melba,4679
Felix,4676
Gene,4667
Matilda,4666
Eleanore,4642
Dan,4589
Nathaniel,4589
Rufus,4563
August,4563
Nick,4548
Isaac,4530
Nelson,4527
Sophia,4521
Leland,4498
Julian,4497
Donna,4480
Nannie,4415
Elma,4357
Jay,4340
Tommie,4339
Aaron,4337
Amy,4297
Peggy,4282
Karl,4282
Estella,4267
Iris,4263
Alton,4230
Ellis,4223
Gwendolyn,4209
Flossie,4185
Pete,4185
Adolph,4089
Grover,4054
Dean,4020
Adam,4018
Bert,4016
Grady,4009
Antonio,4006
Beverly,3990
Emmett,3974
Dennis,3951
Lowell,3900
Johnny,3894
Elnora,3892
Mark,3890
Billy,3873
Dominick,3783
Imogene,3781
Percy,3774
Leah,3761
Elvira,3719
Carroll,3716
Elinor,3712
Lenora,3701
Virgie,3696
Elwood,3692
Eugenia,3653
Hannah,3651
Keith,3633
Edythe,3571
Owen,3571
Roscoe,3568
Ila,3556
Millie,3549
Rena,3544
Myron,3487
Mack,3485
Ross,3480
Harriett,3469
Clarice,3451
Loyd,3435
Laurence,3433
Dominic,3427
Byron,3417
Perry,3402
Malcolm,3348
Amos,3345
Winnie,3333
Rex,3324
Wendell,3294
Ted,3276
Neva,3266
Adelaide,3259
Zelma,3256
Allie,3241
Carmela,3235
Bettie,3226
Yvonne,3172
Freddie,3168
Sherman,3161
Gracie,3157
Letha,3150
Charley,3138
Priscilla,3137
Annabelle,3131
Cecile,3114
Erwin,3110
Fredrick,3101
Natalie,3090
Eldon,3071
Myra,3064
Olivia,3064
Connie,3064
Troy,3057
Harley,3030
Gloria,3024
Seymour,3023
Reuben,3016
Juan,3010
Nadine,2990
Loren,2984
Allan,2981
Cornelia,2969
Arline,2955
Dewey,2951
Janice,2937
Austin,2933
Tillie,2928
Amanda,2924
Frankie,2914
Norbert,2903
Bette,2886
Murray,2881
Madge,2844
Aubrey,2819
Preston,2790
Josie,2787
Bob,2781
Carmella,2774
Lorena,2772
Berniece,2754
Helena,2754
Odessa,2750
Louie,2739
Millard,2709
Bernadine,2707
Odell,2702
Dollie,2696
Avis,2690
Cornelius,2690
Jess,2650
Concetta,2643
Gussie,2634
Boyd,2621
Lessie,2613
Will,2583
Patsy,2578
Alva,2572
Carlton,2557
Eliza,2546
Callie,2541
Hester,2538
Jasper,2538
Gerard,2533
Delores,2499
Rhoda,2494
Rosetta,2479
Burton,2479
Mario,2462
Alyce,2453
Garland,2449
Aileen,2446
Edmond,2446
Rosella,2444
Kermit,2437
Claudia,2434
Grant,2427
Jesus,2423
Stephanie,2410
Mitchell,2408
Leila,2391
Lenore,2387
Dwight,2369
Lora,2360
Willa,2360
Hyman,2349
Guadalupe,2339
Lynn,2334
Aline,2333
Jake,2318
Roosevelt,2316
Wilmer,2315
Lily,2312
Simon,2292
Loraine,2291
Sybil,2284
Larry,2283
Neil,2278
Katharine,2259
Corinne,2258
Solomon,2251
Dave,2246
Augusta,2241
Emanuel,2239
Monroe,2237
Margery,2235
Christina,2216
Thurman,2213
Morton,2209
Harrison,2201
Anton,2200
Moses,2197
Bertie,2183
Rocco,2172
Steven,2155
Ione,2148
Tessie,2147
Lou,2145
Elmo,2142
Pearlie,2136
Alphonse,2130
Maudie,2120
Leota,2105
Nola,2104
Corine,2101
Kate,2096
Bruno,2090
Wade,2084
Belle,2075
Junior,2074
Ed,2066
Johanna,2065
Maynard,2063
Iona,2056
Elton,2043
Clair,2021
Iola,2019
Ophelia,2003
Dorthy,2000
Cleveland,1992
Doyle,1990
Erna,1988
Florine,1982
Roxie,1961
Clement,1959
Clark,1958
Russel,1957
Dolly,1945
Ramona,1938
Claud,1936
Carlos,1935
Maurine,1927
Conrad,1915
Joel,1908
Dessie,1900
Yolanda,1891
Lilly,1888
Gus,1877
Alan,1877
Linda,1853
Dallas,1832
Earle,1829
Elvin,1828
Orval,1822
Andy,1819
Bernadette,1816
Molly,1811
Forest,1809
Lelia,1808
Sammie,1808
Alonzo,1805
Bobbie,1803
Barney,1802
Cyril,1790
Wilda,1778
Sol,1778
Harlan,1776
Robbie,1772
Reva,1759
Philomena,1759
Marcus,1751
Oma,1746
Ruben,1745
Dixie,1744
Armand,1740
Mavis,1729
Judith,1724
Delia,1713
Antonia,1712
Beth,1711
Alvina,1707
Kay,1700
Booker,1696
Emery,1693
Gail,1690
Neal,1687
Elijah,1682
Jacqueline,1675
Hope,1666
Pasquale,1666
Mayme,1647
Hallie,1646
Zella,1635
Tommy,1626
Irwin,1625
Birdie,1622
Thaddeus,1622
Elisabeth,1620
Joy,1617
Clare,1609
Mona,1604
Althea,1603
Buford,1588
Stuart,1588
Paula,1587
Duane,1587
Ellsworth,1587
Adrian,1578
Madelyn,1577
Abe,1577
Francisco,1576
Earline,1574
Wilhelmina,1569
Reginald,1567
Pansy,1566
Rodney,1561
Vito,1561
Beryl,1559
Rubye,1558
Ned,1558
Christopher,1556
Darrell,1554
Jannie,1551
Lupe,1540
Eli,1538
Isabell,1537
Roman,1528
Isadore,1527
Georgie,1525
Nona,1518
Merrill,1514
Timothy,1508
Delmar,1504
Polly,1500
Wilburn,1500
Theda,1494
Randolph,1494
Ramon,1490
Garnet,1484
Pedro,1481
Verda,1473
Noah,1467
Cynthia,1460
Buster,1452
Emory,1448
Coy,1446
Wiley,1444
Mercedes,1441
Vern,1440
Harriette,1410
Mozelle,1403
Wilford,1403
Ward,1399
Catharine,1395
Dovie,1393
Isabella,1390
Herschel,1389
Elda,1385
Glenna,1380
Monica,1380
Alfonso,1379
Louella,1377
Merlin,1369
Lavern,1368
Ferdinand,1366
Levi,1360
Stewart,1360
Lionel,1356
Allene,1355
Saul,1346
Basil,1346
Marilyn,1341
Hollis,1341
Leora,1335
Travis,1331
Carmine,1327
Emerson,1324
Queen,1320
Quentin,1319
Marcia,1312
Gertie,1305
Zelda,1305
Sterling,1302
Weldon,1302
Truman,1298
Leone,1297
Jeff,1289
Dick,1285
Vesta,1274
Benny,1271
Meyer,1271
Melva,1262
Silas,1262
Ferne,1254
Marietta,1252
Bella,1247
Casimir,1247
Gretchen,1230
Lorna,1218
Yetta,1212
Vada,1203
Lorine,1201
Fanny,1199
Rae,1197
Odis,1194
Elise,1191
Valeria,1191
Miles,1190
Oleta,1189
Albina,1189
Leta,1176
Aurora,1175
Ester,1173
Alene,1173
Agatha,1171
Hortense,1169
Mathew,1167
Elvera,1150
Aloysius,1150
Milford,1149
Jackson,1136
Artie,1133
Milo,1131
Vida,1127
Sanford,1126
Lucinda,1121
Frederic,1120
Jimmy,1117
Harris,1111
Charlene,1109
Lura,1107
Marjory,1107
Floy,1104
Cassie,1097
Winona,1094
Suzanne,1092
Consuelo,1090
Louisa,1080
Rosalind,1078
Dortha,1075
Lauretta,1075
Hiram,1074
Margarita,1073
Linnie,1072
Ruthie,1071
Evangeline,1071
Angie,1070
Hugo,1069
Micheal,1068
Filomena,1064
Minerva,1058
Alpha,1055
Isidore,1054
Elsa,1053
Trinidad,1050
Enid,1049
Omer,1047
Pat,1042
Sydney,1042
Norris,1041
Retha,1038
Winston,1038
Freeman,1036
Winfred,1029
Camille,1027
Mervin,1022
Hershel,1019
Gabriel,1019
Rowena,1017
Van,1014
Maud,1013
Ambrose,1008
Noel,1005
Lettie,1003
Orpha,1002
Houston,1001
Julie,1000
Phoebe,998
Evalyn,996
Ivy,987
Ocie,983
Spencer,982
Deloris,981
Foster,980
Myrtis,977
Adell,976
Claudie,971
Madeleine,967
Ava,966
Lona,963
Teddy,962
Hettie,960
Dudley,958
Elena,956
Cletus,956
Dorotha,954
Rolland,954
Valerie,953
Roslyn,953
Corrine,948
Diana,947
Jaunita,946
Dorris,946
Una,944
Mathilda,942
Sibyl,941
Manuela,941
Luke,936
Maybelle,933
Bertram,932
Blanch,929
Noble,929
Major,929
Luis,924
Olen,923
Era,918
Vance,918
Columbus,916
Jo,915
Augustus,914
Darlene,909
Newton,908
Ulysses,905
Marianne,904
Ona,898
Estell,897
Lulu,894
Rhea,894
Freida,893
Royal,887
Petra,886
Magdalene,881
Lamar,879
Riley,876
Scott,873
Sigmund,873
Elouise,869
Hedwig,868
Armando,867
Linwood,866
Emilie,864
Eric,861
Lyman,860
Mazie,856
Mose,854
Magnolia,850
Edwina,849
Denver,849
Alfreda,845
Olin,845
Veda,843
Anderson,841
Salvador,838
Mittie,837
Vernice,836
Velda,831
Gregory,828
Zola,827
Lorenzo,823
Juliette,821
Emile,821
Aurelia,820
Margret,811
Gustave,810
Golda,806
Marlin,806
Katheryn,803
Hoyt,802
Lue,801
Nelle,796
Myrtice,796
Maryann,794
Morgan,793
Randall,792
Arlie,790
Elliott,789
Orlando,789
Augustine,786
Antonette,784
Wilton,783
Jefferson,780
Everette,778
Hal,778
Alden,777
Otha,774
Joanna,773
Belva,773
Nelda,767
Anastasia,767
Burl,765
Verne,763
Benedict,762
Lucia,758
Elias,758
Claudine,755
Waldo,755
Juana,754
Christian,754
Valentine,753
Bud,752
Eleanora,748
Fletcher,748
Verla,747
Theo,747
Syble,747
Germaine,747
Delma,743
Gilda,739
Dewitt,737
Isiah,736
Adela,735
Florene,731
Edd,730
Jayne,727
Sheldon,726
Israel,726
Nolan,725
Delmer,725
Darwin,725
Millicent,723
Albin,720
Idella,717
Garnett,717
Zora,715
Earnestine,715
Ursula,714
Dock,713
Justine,712
Margarette,711
Carlo,711
Evie,710
Francisca,710
Rosalee,706
Alfredo,705
Ima,704
Ilene,704
Rosario,704
Lucius,704
Mina,700
Hobert,699
Tressie,697
Chris,697
Clay,696
Junius,692
Miguel,691
Al,690
Antone,689
Lovie,687
Celeste,687
Wilber,685
Eve,678
Clementine,677
Casimer,677
Vernie,676
Domenic,676
Georgiana,675
Ezra,674
Winnifred,672
Vergie,671
Rubin,671
Sebastian,671
Marvel,668
Lenard,665
Nickolas,661
Rosemarie,659
Ardis,659
Palmer,659
Raul,658
Novella,654
Maxwell,654
Faith,653
Jenny,649
Therese,648
Lacy,646
Maxie,645
Rene,644
Santos,644
Felicia,643
Gale,643
Easter,640
Shelby,636
Albertha,634
Vincenza,632
Evan,629
Emilia,627
Lavina,627
Pearline,625
Elna,622
Jules,622
Crystal,621
Lucien,621
Joshua,618
Theodora,617
Myrna,616
Haywood,616
Idell,614
Yvette,613
Domingo,613
Theron,613
Ouida,611
Kelly,608
Rubie,606
Treva,605
Davis,605
Donnie,604
Mozell,601
Guido,600
Delphine,593
Gaylord,593
Ethelyn,592
Zula,589
Coleman,589
Reta,588
Isaiah,588
Cordelia,585
Joanne,585
Abbie,583
Alda,578
Betsy,577
Pablo,576
Taylor,575
Judy,574
Harmon,573
Ellie,569
Romeo,565
Emilio,565
Elroy,563
Porter,562
Mandy,560
Velva,560
Berneice,559
Harland,559
Josefina,555
Ottis,554
Aldo,552
Sudie,551
Lennie,551
Tina,551
Lemuel,548
Alberto,548
Cathryn,547
Dorsey,546
Walker,545
Twila,544
Hellen,542
Elzie,542
Mckinley,539
Merton,536
Cruz,534
King,530
Royce,529
Roberto,529
Florian,528
Leatha,526
Roma,526
Madie,521
Annabel,521
Dee,521
Lavonne,519
Hulda,518
Georgianna,517
Rafael,517
Larue,516
Carolina,515
Oren,514
Celestine,513
Camilla,512
Meta,511
Blaine,510
Myrtie,509
Jonnie,509
Americo,509
Carmel,508
Esta,506
Felipe,500
Terry,499
Alicia,498
Adella,498
Gayle,498
Jeremiah,498
Justin,498
Vaughn,497
Arther,497
Ivory,496
Dalton,496
Granville,496
Delphia,495
Audie,492
Mason,492
Almeda,490
Rosalyn,490
Audra,487
Ossie,486
Enoch,481
Phil,481
Pinkie,478
Sabina,477
Raleigh,477
Lilyan,475
Elwin,474
Alois,473
Malinda,470
Walton,469
Evelyne,467
Felton,466
Leonora,465
Santo,465
Alvis,464
Dana,464
Tomas,464
Napoleon,462
Eloisa,458
Garfield,458
Corene,457
Bethel,455
Reed,455
Lyda,454
Cyrus,454
Enrique,454
Esperanza,452
Early,452
Gaetano,452
Pattie,450
Prince,446
Annetta,444
Odie,443
Rachael,443
Laverna,443
Avery,442
Concepcion,440
Buck,439
Stasia,438
Mortimer,438
Bulah,436
Talmadge,436
Chloe,435
Emmitt,434
Jettie,433
Bess,433
Hermon,433
Winfield,433
Alvera,432
Haskell,431
Ignatius,431
Octavia,430
Aletha,430
General,430
Carson,427
Regis,427
Julio,424
Libby,423
Hilton,422
Kathrine,421
Diane,421
Ike,421
Andres,421
Joesph,421
Elmore,420
Dorcas,418
Rupert,418
Santiago,416
Domenick,416
Macie,415
Lucian,414
Matt,414
Marcelle,413
Andrea,411
Rudy,410
Elden,410
Constantine,410
Emmie,409
Lavon,407
Marianna,407
Gustav,407
Kitty,404
Rosina,404
Eldora,403
Otho,403
Savannah,402
Janette,402
Ignacio,402
Kattie,399
Berta,399
Darrel,399
Sonia,398
Doretha,398
Carmelo,398
Grayce,397
Marcel,397
Santa,396
Ernesto,395
Angelita,390
Stephania,390
Afton,390
Judson,389
Rogers,389
Renee,388
Hardy,388
Hildegarde,387
Alphonso,387
Masao,387
Lincoln,387
Dante,387
Rosia,386
Versie,385
Fernando,385
Graham,384
Lina,383
Gregorio,382
Cleta,379
Susanna,379
Nan,378
Elmira,377
Rosamond,377
Raphael,376
Charline,375
Madonna,375
Madaline,374
Alverta,372
Hector,372
Meredith,371
Nita,371
Jackie,370
Vina,370
Dominga,370
Silvio,370
Lavada,369
Amalia,369
Elvis,369
Raymon,369
Ludie,368
Arturo,368
Violette,367
Yoshiko,366
Luvenia,365
Bridget,365
Dona,364
Emogene,363
Elisa,363
Josefa,363
Aron,363
Lida,362
Carter,362
Carrol,362
Adelina,360
Obie,360
Eldridge,359
Elinore,358
Warner,358
Earlene,357
Vernell,357
Hobart,357
Arden,357
Arleen,353
Verona,353
Adelle,350
Adrienne,349
Bonita,349
Rosalia,349
Altha,348
Georgette,347
Bobby,345
Asa,345
Yoshio,344
Urban,344
Boyce,343
Ardith,341
Rodolfo,339
Dena,337
Palma,337
Bettye,336
Quinton,335
Lucious,333
Oral,333
Casper,332
Leonor,330
Nova,329
Melvina,328
Elenora,328
Henderson,328
Elease,327
Durward,327
Pershing,326
Alvie,323
Joann,323
Berenice,323
Ludwig,323
Jonas,321
Benito,321
Loy,320
Magdalena,320
Mafalda,320
Clem,319
Refugio,318
Georgina,318
Arvilla,318
Ford,318
Angel,317
Vallie,315
Norine,315
Cathrine,314
Edison,313
Abner,312
Winford,310
Oran,310
Rollin,310
Maureen,309
Jamie,308
Marge,308
Deborah,308
Vivienne,307
Maryjane,307
Elvie,306
Franklyn,306
Gilberto,305
Hans,304
Tennie,303
Vester,303
Elisha,303
Charity,302
Magdalen,302
Buddy,302
Waneta,300
Luverne,299
Rosevelt,299
Murphy,299
Lonzo,299
Freeda,297
Arvid,296
Lorenza,294
Gwen,294
Abel,294
Orrin,294
Juliet,293
Martina,292
Eldred,292
Hilma,291
Stacia,291
Carlyle,291
Milan,290
Sherwood,290
Queenie,288
Galen,288
Tomasa,287
Carey,287
Werner,286
Antonetta,285
Jonathan,285
Masako,284
Crawford,284
Hiroshi,284
Ova,283
Eda,283
Annamae,283
Judge,283
Jason,283
Exie,282
Romaine,281
Adolphus,281
Merritt,281
Vita,280
Domenica,279
Clemmie,278
Clovis,277
Carleton,276
Neoma,275
Clarance,275
Omar,275
Brady,274
Florida,273
Lawson,273
Euna,272
Loyce,272
Seth,272
Artis,271
Turner,271
Mallie,270
Estel,270
Lilian,270
Loyal,270
Dillard,270
Foy,269
Eino,269
Pearle,268
Kathryne,268
Bryant,267
Aldona,266
Ozella,264
Milburn,263
Ricardo,263
Nicolas,263
Ellwood,263
Verl,262
Rosanna,261
Evans,261
Murry,261
Lurline,260
Orin,260
Nunzio,259
Earlie,258
Eulalia,258
Roselyn,258
Leopold,258
Abram,258
Lilla,257
Haruko,257
Lucretia,257
Sandra,257
Greta,257
Waymon,255
Vicente,255
Furman,254
Clemens,254
Cloyd,254
Viva,253
Goldia,253
Herminia,253
Gregoria,253
Finis,252
Arlo,251
Lera,250
Shelton,250
Shizuko,249
Vlasta,249
Bennett,249
Eduardo,249
Blair,249
Oswald,248
Logan,248
Louvenia,247
Mammie,247
Lavinia,247
Leander,247
Kiyoshi,247
Normand,247
Reino,247
Margarett,246
Moe,246
Shizue,245
Merl,245
Felipa,244
Toivo,244
Willia,243
Howell,242
Norene,241
Mahlon,241
Aida,240
Kyle,240
Rayford,240
Lambert,240
Glenda,239
Santina,239
Golden,239
Catalina,238
Fidel,238
Olaf,237
Jennings,236
Verdie,235
Luz,235
Jeane,235
Dimple,234
Alford,234
Corrie,233
Evert,233
Bertrand,233
Hilbert,233
Denzil,233
Sofia,232
Kiyoko,232
Webster,232
Hazle,231
Fumiko,231
Assunta,231
Sandy,231
Arvel,230
Kazuo,230
Reinhold,230
Michelina,229
Jesusa,229
Johnson,229
Madison,228
Worth,228
Kathlyn,227
Christene,227
Annabell,227
Alline,226
Nathalie,226
Carole,225
Alease,225
Bernita,225
Alejandro,225
Vincenzo,225
Luisa,224
Margarito,224
Enola,223
Oneta,223
Toshiko,223
Eugenie,222
Elliot,222
Arne,222
Antionette,221
Berry,221
Zigmund,221
Hildred,220
Hayward,220
Attilio,219
Margaretta,218
Ewell,218
Minoru,218
Zona,217
Benita,217
Hideo,217
Adelbert,217
Delfina,216
Lea,216
Reynold,215
Leonore,214
Guillermo,214
Wm,214
Sylvan,214
Inell,213
Jodie,213
Concha,212
Melton,212
Toshio,212
Socorro,211
Gaston,211
Arvil,211
Hortencia,210
Beatriz,210
Hunter,209
Joaquin,209
Verlin,209
Fredric,208
Myrle,207
Laurette,207
Green,207
Elwyn,207
Trudie,206
Hosea,206
Roderick,206
Burdette,205
Dempsey,204
Hildegard,203
Benton,203
Emmer,202
Adaline,202
Lindsey,202
Cordie,201
Nedra,201
Natividad,201
Hermina,201
Stanford,200
Ceola,199
Emmet,199
Virgle,199
Watson,199
Rossie,198
Beaulah,198
Chiyoko,197
Coletta,197
Gerrit,197
Hassie,195
Maybell,195
Olympia,195
Signe,195
Bernie,195
Cleve,195
Estill,195
Ardell,194
Astrid,194
Adolfo,194
Jones,193
Jule,192
Johnsie,192
Sammy,192
Miller,192
Wylie,192
Nevin,192
Venita,191
Carlota,190
Bernardine,190
Harding,190
Erling,190
Ezell,189
Antonina,189
Gerhard,189
Metro,189
Garrett,188
Gay,187
Gary,187
Letitia,186
Emmit,186
Christ,185
Ennis,184
Sheila,184
Woodroe,184
Marcos,184
Dayton,184
Janis,183
Ofelia,183
Leamon,183
Rowland,183
Chalmer,183
Onie,182
Olevia,182
Almeta,182
Daphne,182
Tillman,182
Olan,182
Garth,182
Gennaro,182
Mariano,182
Felice,181
Brooks,181
Trula,180
Rosaline,179
Clint,179
Shigeru,179
Herlinda,178
Thora,178
Rosaria,178
Duncan,178
Hezekiah,177
Fritz,177
Lexie,176
Soledad,175
Myles,175
Reyes,174
Elza,174
Dexter,174
Mitsuko,173
Whitney,173
Verlie,172
Ressie,172
Fairy,172
Junious,172
Sumner,172
Nat,172
Creola,171
Ethyl,171
Juliana,171
Josh,171
Lonie,170
Imelda,170
Gino,170
Pierre,170
Rueben,170
Delpha,169
Lucie,168
Eugenio,168
Giles,168
Florrie,167
Oneal,167
Hamilton,167
Toby,166
Dawn,165
Hayden,165
Agustin,165
Enrico,165
Alfonse,165
Ardella,164
Eulah,163
Maryellen,163
Chas,163
Cosmo,163
Francesco,163
Ivey,162
Hertha,162
Adelia,162
Craig,162
Eloy,162
Bartholomew,162
Luigi,162
Birtha,161
Susanne,161
Norwood,161
Donato,160
Ozie,159
Vinnie,159
Alba,159
Lon,159
Baxter,159
Gizella,158
Estela,158
Takeo,158
Mac,158
Danny,158
Nels,158
Ewald,158
Huey,157
Bradley,157
Aurelio,157
Myer,157
Vilma,156
Tracy,156
Zack,156
Orvil,156
Chauncey,156
Okey,156
Ara,155
Simone,155
Tadashi,155
Katy,154
Refugia,154
Bradford,154
Amie,153
Christeen,153
Wyatt,153
Melville,153
Selmer,153
Reynaldo,152
Llewellyn,152
Gertha,151
Genoveva,151
Auther,151
Noboru,151
Gennie,150
Ines,150
Neta,150
Elenore,150
Gasper,150
Steffie,149
Inga,149
Benjiman,149
Thad,149
Adolf,149
Elvina,148
Lucienne,148
Smith,148
Levy,148
Leonardo,148
Luna,147
Glennie,147
Monnie,147
Lyla,147
Kirby,147
Leeroy,147
Rudolf,147
Archibald,147
Naoma,146
Rafaela,146
Ozell,145
Enriqueta,145
Ingrid,145
Curley,145
Romayne,145
Murl,145
Cary,145
Hampton,145
Lafayette,145
Annis,144
Tiny,144
Elizebeth,144
Myrl,144
Ana,144
Marilynn,144
Ezekiel,144
Issac,144
Bryan,144
Rollie,144
Heyward,144
Gaynell,143
Georgetta,143
Madalyn,143
Huston,143
Elfrieda,142
Alonza,142
Albertine,141
Clarissa,141
Pierce,141
Norval,141
Marcelino,141
Leopoldo,141
Isamu,140
Saverio,140
Willene,139
Veola,139
Flonnie,139
Stefania,139
Washington,139
Zeb,139
Lynwood,139
Norton,139
Minna,138
Merlyn,138
Wellington,138
Federico,137
Gerhardt,137
Henretta,136
Ernie,136
Lossie,135
Zita,135
Azalee,135
Rozella,135
Masaru,135
Rodger,135
Newell,135
Rutha,134
Burnice,134
Kimiko,134
Williams,134
Shigeo,134
Antoine,134
Farris,133
Elida,133
Marlys,132
Leocadia,132
Hilliard,132
Elgin,132
Rosendo,132
Porfirio,132
Luciano,132
Dannie,131
Vertie,131
Ayako,131
Marina,131
Linnea,131
Malvina,131
Marco,131
Irine,130
Lavera,130
Alexandra,130
Stacy,130
Angus,130
Stanislaus,130
Zenobia,129
Micaela,129
Wynona,129
Lahoma,129
Loran,129
Conley,129
Mariah,128
Domenico,128
Mickey,127
Jordan,127
Sim,127
Gardner,127
Fernand,127
Einar,127
Dorathy,126
Vivien,126
Casey,126
Welton,126
Mitsuo,126
Addison,126
Arno,126
Glenwood,126
Jossie,125
Dina,125
Fae,125
Ernst,125
Mariam,124
Ruthe,124
Candelaria,124
Simona,124
Williemae,123
Delta,123
Lorayne,123
Linus,123
Waldemar,123
Orene,122
Alexandria,122
Lilia,122
Cicero,122
Vergil,122
Caesar,122
Aiko,121
Laurel,121
Pilar,121
Mossie,121
Burt,121
Lorin,121
Misao,120
Nicolasa,120
Pasqualina,120
Clarabelle,120
Parker,120
Garold,120
Verle,119
Armin,119
Tena,118
Arvin,118
Catarino,118
Theola,117
Bell,117
Mozella,117
Delilah,117
Carmelita,117
Claribel,117
Orelia,117
Verner,117
Masato,117
Orland,117
Raoul,117
Icie,116
Edyth,116
Wava,116
Stanton,116
Gust,116
Adelard,116
Ether,115
Ernestina,115
Francine,115
Clementina,115
Marybelle,115
Prudence,115
Laddie,115
Rochelle,114
Laurine,114
Dottie,114
Vena,114
Isobel,114
Brown,114
Olene,113
Felicitas,113
Kikue,113
Raffaela,113
Veta,113
Odile,113
Loma,113
Lenwood,113
Earlean,112
Woodie,112
Blanchie,112
Miyoko,112
Libbie,112
Catarina,112
Cliff,112
Edsel,112
Rolla,112
Teodoro,112
Jovita,111
Gabrielle,111
Gladyce,110
Emelia,110
Price,110
Glynn,110
Reid,110
Voncile,109
Ignacia,109
Yoshie,109
Tressa,109
Spurgeon,109
Bishop,109
Takeshi,109
Donovan,109
Ole,109
Merna,108
Margarete,108
Marcellus,108
Mitchel,108
Charlsie,107
Erline,107
Hermine,107
Billye,107
Hymen,107
Helyn,106
Thornton,106
Conrado,106
Bernardo,106
Lauren,106
Oakley,106
Natale,106
Esteban,106
Macel,105
Jessica,105
Hilario,105
Montine,104
Lavergne,104
Emelda,104
Gustavo,104
Broadus,104
Alcide,104
Adrien,104
Arvo,104
Ignazio,104
Gilmer,104
Isidro,104
Hortensia,103
Sadako,103
Matilde,103
Akira,103
Wilfrid,103
Helmer,103
Nella,102
Lassie,102
Amparo,102
Colleen,102
Flo,102
Hillard,102
Roby,102
Ammie,101
Liberty,101
Aune,101
Estefana,101
Haruo,101
Durwood,101
Allean,100
Reece,100
Anastacio,100
Theadore,100
Noella,99
Janina,99
Alverda,99
Sal,99
Florencio,99
Odelia,98
Tomie,98
Elenor,98
Allison,98
Takashi,98
Boris,98
Denis,98
Glennon,98
Henriette,97
Talmage,97
Thurston,97
Rayburn,97
Wardell,97
Alec,97
Stephan,97
Waverly,97
Delcie,96
Zoe,96
Nicolina,96
Nello,96
Blease,96
Omie,95
Natalia,95
Aurore,95
Aili,95
Cathleen,95
Romie,95
Tim,95
Malvin,95
Yukio,95
Geno,95
Tempie,94
Liza,94
Noma,94
Tomiko,94
Bernetta,94
Helmi,94
Cordell,94
Bronislaus,94
Nicola,94
Arlington,94
Lavelle,93
Cristina,93
Roswell,93
Ballard,93
Ramiro,93
Erlene,92
Arie,92
Nila,92
Yukiko,92
Darline,92
Romana,92
Ysabel,92
Gonzalo,92
Matias,92
Melissa,91
Mariana,91
Evangelina,91
Erlinda,91
Osie,91
Sigrid,91
Odette,91
Evelina,91
Bettina,91
Italia,91
Ygnacio,91
Marcelina,90
Oletha,90
Hurley,90
Tadao,90
Biagio,90
Colon,90
Maebell,89
Loree,89
Cleda,89
Yaeko,89
Ilah,89
Silvia,89
Jesusita,89
Richmond,89
Damon,89
Prentice,89
Yutaka,89
Jerald,89
Perley,89
Beverley,88
Mitsue,88
Penelope,88
Lindsay,88
Rulon,88
Boleslaw,88
Clora,87
Etha,87
Zettie,87
Otilia,87
Columbia,87
Comer,87
Deward,87
Celestino,87
Bailey,87
Rexford,87
Waino,87
Ransom,87
Giovanni,87
Jeffie,86
Arlena,86
Atha,86
Hatsuko,86
Madlyn,86
Nicoletta,86
Arch,86
Godfrey,86
Eliseo,86
Lolita,85
Tsuruko,85
Laveta,85
Otelia,85
Burley,85
Bernhard,85
Lawton,85
Beecher,85
Orvin,85
Hoyle,85
Patricio,85
Rilla,84
Clarine,84
Onnie,84
Cleora,84
Hessie,84
Ceil,84
Harvie,84
Masami,84
Kent,84
Winthrop,84
Enos,84
Jarvis,84
Blossom,83
Eartha,83
Carlene,83
Borghild,83
Gaetana,83
Belton,83
Kenji,83
Lucio,83
Orlo,83
Faustino,83
Adan,83
Ashby,83
Hisako,82
Zygmunt,82
Barton,82
Truett,82
Vennie,81
Laurie,81
Helga,81
Sadye,81
Marta,81
Buddie,81
Armond,81
Mathias,81
Pasco,81
Azzie,80
Venice,80
Noreen,80
Ashley,80
Terrell,80
Luciel,79
Gladis,79
Teruko,79
Veva,79
Manuelita,79
Macon,79
Buel,79
Glendon,79
Bryce,79
Burnell,79
Manny,79
Bilbo,79
Lidia,78
Reather,78
Sonya,78
Dell,78
Braxton,78
Collins,78
Acie,78
Lawerence,78
Daryl,78
Linton,78
Isidor,78
Harue,77
Leonarda,77
Vinita,77
Encarnacion,77
Ishmael,77
Eusebio,77
Kalman,77
Cosimo,77
Reatha,76
Vicenta,76
Casimira,76
Adah,76
Giovanna,76
Ichiro,76
Aime,76
Michele,76
Amerigo,76
Colie,76
Augustina,75
Roselle,75
Madelon,75
Wanita,75
Oval,75
Yolande,75
Mathilde,75
Teodora,75
Haskel,75
Arnulfo,75
Pascual,75
Harlow,75
Giuseppe,75
Erin,74
Oneida,74
Florie,74
Pennie,74
Julianna,74
Therman,74
Tsutomu,74
Carlie,73
Lorean,73
Annamarie,73
America,73
Lala,73
Madalene,73
Paris,73
Casmer,73
Gurney,73
Esequiel,73
Epifanio,73
Manning,73
Mellie,72
Pollie,72
Gemma,72
Margot,72
Caryl,72
Author,72
Hansel,72
Kendall,72
Ewing,72
Finley,72
Michel,72
Cipriano,72
Michiko,71
Erminia,71
Eura,71
Alida,71
Irby,71
Alto,71
Collie,71
Newman,71
Reese,71
Ismael,71
Susumu,71
Genaro,71
Hulon,71
Herve,71
Heber,71
Aniello,71
Chieko,70
Sumiko,70
Hatsue,70
Twyla,70
Doreen,70
Valborg,70
Mimi,70
Thomasina,70
Alyne,70
Manford,70
Leonce,70
Amado,70
Blas,70
Arrie,69
Delora,69
Stephany,69
Sydelle,69
Leda,69
Celina,69
Arbutus,69
Adelaida,69
Agustina,69
Reno,69
Tatsuo,69
Elois,68
Lady,68
Kaoru,68
Nieves,68
Cullen,68
Wayland,68
Berlin,68
Merwin,68
Orvel,68
Paralee,67
Yasuko,67
Colette,67
Coral,67
Eveline,67
Toy,67
Providence,67
Eligah,67
Woodford,67
Elie,67
Agapito,67
Cedric,67
Parley,67
Valentin,67
Amedeo,67
Helmuth,67
Vilas,67
Buna,66
Vassie,66
Brownie,66
Kimie,66
Lenna,66
Maymie,66
Kenichi,66
Winton,66
Benedetto,66
Ettie,65
Vonnie,65
Patty,65
Wilhelmena,65
Armella,65
Shirlee,65
Aleen,65
Johnnye,65
Oris,65
Jonah,65
Cameron,65
Sulo,65
Manley,65
Classie,64
Vela,64
Hanako,64
Lavonia,64
Melda,64
Loreta,64
Eufemia,64
Cletis,64
Hoke,64
Cole,64
Marylou,63
Leanore,63
Nobuko,63
Phylis,63
Vernelle,63
Amber,63
Madelene,63
Ardelle,63
Eola,63
Luberta,63
Felicita,63
Mai,63
Othel,63
Eulalio,63
Candelario,63
Mervyn,63
Fermin,63
Jacques,63
Prentiss,63
Gaither,63
Clemente,63
Moises,63
Gaspare,63
Rosalio,63
Audry,62
Drucilla,62
Aggie,62
Fleta,62
Dorthea,62
Yola,62
Otila,62
Johny,62
Fate,62
Edwardo,62
French,62
Salvator,62
Landon,62
Missouri,61
Kittie,61
Corean,61
Vella,61
Ladonna,61
Marshal,61
Benson,61
Davie,61
Bronislaw,61
Cecilio,61
Marcelo,61
Gearldine,60
Alejandra,60
Azilee,60
Justina,60
Honora,60
Deolinda,60
Julious,60
Anselmo,60
Masayuki,60
Saburo,60
Kurt,60
Arley,60
Estle,60
Stafford,60
Margurite,59
Clois,59
Cordia,59
Jacquelyn,59
Ilo,59
Kathaleen,59
Tommye,59
Mannie,59
Fulton,59
Masaichi,59
Hyrum,59
Williard,59
Everlena,58
Gaynelle,58
Selena,58
Yuriko,58
Elberta,58
Simonne,58
Montana,58
Fidela,58
Kee,58
Melbourne,58
Garvin,58
Margueritte,57
Asako,57
Georgene,57
Susana,57
Carmelina,57
Evelena,57
Oralia,57
Florentino,57
Mateo,57
Alvah,57
Seichi,57
Ferris,57
Mauro,57
Raymundo,57
Virgia,56
Shellie,56
Erie,56
Oda,56
Hideko,56
Matsue,56
Raquel,56
Lovell,56
Johney,56
Jiro,56
Isom,56
Isami,56
Dewayne,56
Tauno,56
Jethro,56
Carlisle,56
Cherry,55
Delois,55
Librada,55
Fumie,55
Lorrayne,55
Elia,55
Dominica,55
Clotilde,55
Hershell,55
Hayes,55
Lumir,55
Lindell,55
Estil,55
Ashton,55
Umberto,55
Laurier,55
Alf,55
Barnett,55
Jeraldine,54
Eudora,54
Aleene,54
Belen,54
Sueko,54
Fusae,54
Yukie,54
Elodie,54
Anner,54
Enes,54
Faustina,54
Hollie,54
Courtney,54
Arlin,54
Conway,54
Yasuo,54
Delfino,54
Cleon,54
Raeford,54
Reymundo,54
Lazaro,54
Buena,53
Exa,53
Ah,53
Alvena,53
Amada,53
Florencia,53
Page,53
Hudson,53
Seaborn,53
Arlis,53
Eston,53
Nobuo,53
Ansel,53
Stanislaw,53
Quincy,53
Coley,53
Berkley,53
Ryland,53
Maye,52
Blondell,52
Armida,52
Kazuko,52
Francesca,52
Congetta,52
Dinah,52
Ninfa,52
Glover,52
Wyman,52
Denton,52
Ephraim,52
Axel,52
Eliot,52
Mertie,51
Verdell,51
Modena,51
Yoneko,51
Monteen,51
Ozzie,51
Hildur,51
Lilah,51
Statia,51
Maryanna,51
Gorden,51
Sampson,51
Isao,51
Clell,51
Leonel,51
Elam,51
Abelardo,51
Dicie,50
Bula,50
Fusako,50
Margarite,50
Sula,50
Luetta,50
Vernetta,50
Madolyn,50
Manda,50
Omega,50
Edmonia,50
Gudrun,50
Salome,50
Sedalia,50
Celestina,50
Sid,50
Harrell,50
Gottlieb,50
Josiah,50
Hazen,50
Ely,50
Seferino,50
Shigeko,49
Vernette,49
Eleonore,49
Sydell,49
Elayne,49
Marlene,49
Donnabelle,49
Fernande,49
Vieno,49
Onalee,49
Modesta,49
Rebeca,49
Henri,49
Nolen,49
Malcom,49
Ovila,49
Chalmers,49
Fiore,49
Pietro,49
Nevada,48
Verena,48
Leontine,48
Delton,48
Lino,48
Basilio,48
Italo,48
Cornell,48
Octave,48
Dionicio,48
Vernia,47
Trudy,47
Carmon,47
Marrie,47
Gerda,47
Denise,47
Karen,47
Garnette,47
Macy,47
Alverna,47
Corina,47
Hanna,47
Elodia,47
Egbert,47
Luster,47
Yoshito,47
Iver,47
Harlen,47
Laurent,47
Albino,47
Ysidro,47
Olean,46
Mennie,46
Concettina,46
Lynne,46
Mabelle,46
Albertina,46
Sedonia,46
Selina,46
Vienna,46
Wilhelmenia,46
Paulina,46
Ruel,46
Katsumi,46
Cloyce,46
Casimiro,46
Ottie,45
Ethelene,45
Josiephine,45
Masae,45
Masayo,45
Ardath,45
Lelah,45
Letty,45
Robena,45
Benedetta,45
Zulema,45
Lawyer,45
Renato,45
Terrence,45
Leandro,45
Matteo,45
Pecola,44
Matsuko,44
Lavona,44
Vonda,44
Ena,44
Josefita,44
Valentina,44
Park,44
Jan,44
Alger,44
Parke,44
Ammon,44
Augustin,44
Izola,43
Laurene,43
Lollie,43
Lugenia,43
Carma,43
Aldine,43
Dagmar,43
Alvira,43
Lubertha,43
Hilaria,43
Anastacia,43
Clemon,43
Colonel,43
Lilburn,43
Delos,43
Minor,43
Wilho,43
Orvis,43
Timoteo,43
Ciro,43
Barry,43
Geronimo,43
Maximo,43
Camilo,43
Willodean,42
Aretha,42
Mercy,42
Aimee,42
Piccola,42
India,42
Arizona,42
Leanna,42
Erla,42
Floree,42
Guss,42
Wayman,42
Haig,42
Jorge,42
Deforest,42
Lorenz,42
Barnet,42
Carmino,42
Rosaire,42
Ettore,42
Worley,42
Sumie,41
Leatrice,41
Roseanna,41
Odeal,41
Athena,41
Antoinetta,41
Maudine,41
Margherita,41
Ricarda,41
Epifania,41
Maysel,41
Peyton,41
Hamp,41
Hughes,41
Orson,41
Bascom,41
Liddie,40
Lilie,40
Rheba,40
Marye,40
Adline,40
Clella,40
Floreine,40
Hosie,40
Simmie,40
Terence,40
Bertil,40
Marino,40
Giacomo,40
Tobias,40
Feliciano,40
Mauricio,40
Narciso,40
Zadie,39
Buelah,39
Leonia,39
Mitzi,39
Vermell,39
Mabell,39
Nezzie,39
Alethia,39
Cleone,39
Wanetta,39
Delsie,39
Lorette,39
Lempi,39
Dagny,39
Ailie,39
Tomasita,39
Fortunata,39
Apolonia,39
Clemencia,39
Belia,39
Verbon,39
Dolphus,39
Butler,39
Evaristo,39
Masayoshi,39
Dino,39
Teruo,39
Dennie,39
Caleb,39
Salvadore,39
Yates,39
Liston,39
Alfons,39
Maebelle,38
Wynelle,38
Lanelle,38
Fujie,38
Ardyce,38
Marita,38
Doloris,38
Glendora,38
Marcile,38
Heloise,38
Laila,38
Velna,38
Marcela,38
Merced,38
Hardin,38
Satoru,38
Tetsuo,38
Malachi,38
West,38
Lonzie,38
Orris,38
Hoy,38
Andre,38
Eulogio,38
Creed,38
Aubry,38
Octavio,38
Jacinto,38
Odessie,37
Altie,37
Arletta,37
Clytee,37
Kathyrn,37
Murrell,37
Algie,37
Wash,37
Chesley,37
Sadao,37
Veryl,37
Devon,37
Hervey,37
Ruffin,37
Weston,37
Sigurd,37
Hilary,37
Antonino,37
Apolonio,37
Victoriano,37
Fransisco,37
Erich,37
Welford,37
Lurlene,36
Maple,36
Ozelle,36
Meda,36
Inis,36
Kimiye,36
Fumi,36
Frederica,36
Kathern,36
Meriam,36
Tilda,36
Eleonora,36
Cornelious,36
Macil,36
Buren,36
Dwayne,36
Farrell,36
Burnett,36
Sebastiano,36
Gerson,36
Budd,36
Amador,36
Rogelio,36
Blonnie,35
Florance,35
Wauneta,35
Pearly,35
Cloteal,35
Nelwyn,35
Isidra,35
Sanders,35
Tyree,35
Harden,35
Lige,35
Woodson,35
Loring,35
Sylvio,35
Grayson,35
Geza,35
Bonifacio,35
Juluis,35
Steward,35
Tex,35
Severo,35
Arlean,34
Toni,34
Marceline,34
Enis,34
Olivette,34
Texie,34
Serafina,34
Petrina,34
Dotty,34
Babette,34
Eudelia,34
Buell,34
Doc,34
Ulysee,34
Toney,34
Pink,34
Shinichi,34
Girard,34
Walfred,34
Hjalmer,34
Hilmar,34
Avie,33
Birtie,33
Mayola,33
Floye,33
Maida,33
Mardell,33
Eudell,33
Nonnie,33
Willetta,33
Hildreth,33
Ailene,33
Noelie,33
Zena,33
Isla,33
Nanette,33
Angelica,33
Wynema,33
Erskine,33
Zollie,33
Iwao,33
Hurshel,33
Brice,33
Hansford,33
Gaspar,33
Casmere,33
Eldor,33
Bart,33
Onofrio,33
Cleola,32
Tula,32
Helon,32
Vicie,32
Ardelia,32
Akiko,32
Ellamae,32
Toshie,32
Lavaughn,32
Conchetta,32
Georgine,32
Adda,32
Velia,32
Orbie,32
Henery,32
Euel,32
Mayo,32
Beauford,32
Tamotsu,32
Orlin,32
Colin,32
Ulysse,32
Camillo,32
Obert,32
Leif,32
Parks,32
Fortunato,32
Lillard,32
Archer,32
Thais,31
Emiko,31
Arlyne,31
Cleopatra,31
Waunita,31
Glada,31
Nanie,31
Gaines,31
Almon,31
Lem,31
Wheeler,31
Shizuo,31
Alfonzo,31
Blake,31
Atlas,31
Selig,31
Guiseppe,31
Laird,31
Elo,31
Librado,31
Rito,31
Alvaro,31
Noe,31
Eather,30
Reola,30
Toyoko,30
Lannie,30
Precious,30
Floria,30
Natsuko,30
Mardelle,30
Portia,30
Ruthanna,30
Clothilde,30
Theodosia,30
Charlcie,30
Lemon,30
Benjaman,30
Winslow,30
Carmello,30
Modesto,30
Glyn,30
Silvestre,30
Burma,29
Izora,29
Mitsuye,29
Setsuko,29
Rosebud,29
Rosabelle,29
Nada,29
Victory,29
Martine,29
Nolia,29
Blannie,29
Clorinda,29
Maryrose,29
Violetta,29
Curry,29
Frazier,29
Edmundo,29
Kazumi,29
Douglass,29
Chandler,29
Landis,29
Erick,29
Gray,29
Estevan,29
Macario,29
Christy,29
Pluma,28
Cuca,28
Robin,28
Sachiko,28
Kimiyo,28
Tsuyako,28
Beula,28
Leana,28
Victorine,28
Illa,28
Leoma,28
Suzanna,28
Lucetta,28
Rush,28
Lenord,28
Larkin,28
Rosco,28
Hulen,28
Virgel,28
Satoshi,28
Amadeo,28
Lenton,28
Ulyses,28
Weyman,28
Osborne,28
Corwin,28
Elihu,28
Welby,28
Levin,28
Marty,28
Orazio,28
Curvin,28
Meliton,28
Eluterio,28
Paulo,28
Arlon,28
Versa,27
Verlon,27
Modean,27
Bobbye,27
Wynell,27
Nena,27
Hisae,27
Christena,27
Onita,27
Emeline,27
Verba,27
Magdaline,27
Valda,27
Annamay,27
Retta,27
Levie,27
Holland,27
Doyne,27
Takao,27
Jon,27
Tsugio,27
Kennith,27
Alcee,27
Claiborne,27
Placido,27
Marinus,27
Dorman,27
Cono,27
Fidencio,27
Ruperto,27
Bama,26
Ever,26
Brooksie,26
Beadie,26
Melrose,26
Evaline,26
Arla,26
Mariann,26
Cova,26
Doshie,26
Ileen,26
Canary,26
Florinda,26
Mela,26
Pierina,26
Enedina,26
Ventura,26
Amon,26
Vernal,26
Mearl,26
Casmir,26
Thaine,26
Neville,26
Oneil,26
Humbert,26
Rolf,26
Norvel,26
Demetrio,26
Justo,26
Claudio,26
Erasmo,26
Malissa,25
Montez,25
Avanell,25
Chiyeko,25
Harumi,25
Toshiye,25
Kazue,25
Nancye,25
Palmina,25
Carlyn,25
Abigail,25
Vola,25
Asencion,25
Kelley,25
Benjamine,25
Berton,25
Lesley,25
Doctor,25
Secundino,25
Guerino,25
Lauro,25
Doroteo,25
Paulino,25
Brigido,25
Tinnie,24
Elynor,24
Bruna,24
Hiroko,24
Peggie,24
Wylene,24
Leonie,24
Margrett,24
Agapita,24
Conception,24
Milady,24
Odilia,24
Sulema,24
Trine,24
Mamoru,24
Mercer,24
Fleming,24
Lorne,24
Byford,24
Fenton,24
Curt,24
Pascal,24
Ancil,24
Adron,24
Christos,24
Edson,24
Fabian,24
Aloys,24
Garret,24
Carman,24
Josef,24
Raffaele,24
Liborio,24
Eathel,23
Zelpha,23
Evia,23
Daphna,23
Caldonia,23
Merry,23
Chiyo,23
Midori,23
Chrystal,23
Ivah,23
Ottilie,23
Rosena,23
Severa,23
Alla,23
Ofilia,23
Soila,23
Hobson,23
Hubbard,23
Titus,23
Hughie,23
Shiro,23
Authur,23
Remer,23
Asbury,23
Elder,23
Ellison,23
Darold,23
Merril,23
Samson,23
Leigh,23
Ingvald,23
Leighton,23
Schuyler,23
Cataldo,23
Darl,23
Ambrosio,23
Prudencio,23
Zeola,22
Idelle,22
Zada,22
Yoshiye,22
Cara,22
Vanita,22
Lorretta,22
Garnetta,22
Gusta,22
Jeanetta,22
Rella,22
Ezola,22
Leanora,22
Thressa,22
Almira,22
Blanca,22
Ethridge,22
Masaji,22
Hisao,22
Wah,22
Koichi,22
Deane,22
Dwain,22
Justus,22
Hargis,22
Thelbert,22
Drew,22
Moise,22
Bayard,22
Lyndon,22
Gilman,22
Lucas,22
Rodman,22
Tolbert,22
Zaragoza,22
Cosme,22
Estanislado,22
Francies,21
Madgie,21
Lella,21
Yoshimi,21
Paz,21
Miyeko,21
Anniemae,21
Love,21
Clide,21
Hisayo,21
Drusilla,21
Aleta,21
Elta,21
Lavenia,21
Carmelite,21
Amelie,21
Clemence,21
Alison,21
Helvi,21
Filippa,21
Dorine,21
Orel,21
Ermal,21
Ronnie,21
Salvatrice,21
Florentine,21
Thomasena,21
Cipriana,21
Wyoma,21
Clearence,21
Duke,21
Fumio,21
Evelio,21
Rayfield,21
Shoichi,21
Wilhelm,21
Boleslaus,21
Numa,21
Mieczyslaw,21
Joaquim,21
Uno,21
Nestor,21
Kemp,21
Banks,21
Serafino,21
Gerardo,21
Harrold,21
Esau,21
Magdaleno,21
Bernabe,21
Nobie,20
Arnie,20
Girtha,20
Shizuye,20
Maudell,20
Berdie,20
Cammie,20
Etheleen,20
Marylee,20
Aliene,20
Kiyono,20
Vashti,20
Adelfa,20
Altagracia,20
Fawn,20
Foch,20
Cal,20
Doyal,20
Bartow,20
Estes,20
Herschell,20
Seldon,20
Donat,20
Gustaf,20
Alphonsus,20
Bernardino,20
Humberto,20
Heriberto,20
Trino,20
Pernie,19
Sweetie,19
Kiyo,19
Fumiye,19
Fusaye,19
Michie,19
Marcille,19
Herma,19
Ersie,19
Aldina,19
Belmira,19
Gina,19
Genevie,19
Feliz,19
Domitila,19
Aretta,19
Hajime,19
Zoltan,19
Samie,19
Young,19
Hiromu,19
Mitsugi,19
Marlyn,19
Sherwin,19
Denzel,19
Gunnar,19
Vinal,19
Posey,19
Weaver,19
Hoyte,19
Garry,19
Ladislaus,19
Seward,19
Tullio,19
Diego,19
Ignatz,19
Sabino,19
Saturnino,19
Sixto,19
Jaime,19
Nealie,18
Alean,18
Adel,18
Wyolene,18
Fronie,18
Carry,18
Oretha,18
Roseline,18
Bernyce,18
Evelynne,18
Naida,18
Allegra,18
Draxie,18
Lissie,18
Diamantina,18
Arnetta,18
Sena,18
Ingeborg,18
Evalena,18
Arletha,18
Roxanna,18
Swannie,18
Tess,18
Kaye,18
Stanislawa,18
Euphemia,18
Jestine,18
Elese,18
Blasa,18
Modene,18
Othella,18
Lometa,18
Masashi,18
Cristobal,18
Shelley,18
Dozier,18
Dorwin,18
Nolton,18
Abbott,18
Brendan,18
Calvert,18
Gorman,18
Odin,18
Hilmer,18
Mccoy,18
Zeno,18
Harlie,18
Candido,18
Salomon,18
Filadelfio,18
Antony,18
Amelio,18
Nils,18
Emmanuel,18
Yaro,18
Atlee,18
Hercules,18
Gentry,18
Apolinar,18
Santana,18
Ferman,18
Maedell,17
Daisey,17
Imo,17
Mignon,17
Rufina,17
Dalia,17
Fujiko,17
Kameko,17
Mieko,17
Bea,17
Marijane,17
Thresa,17
Alfrieda,17
Cinda,17
Frona,17
Philomene,17
Brenda,17
Taimi,17
Loveta,17
Nelma,17
Lanell,17
Dorthey,17
Lethia,17
Nolie,17
Zilphia,17
Delzora,17
Lanie,17
Rosaura,17
Caterina,17
Pamela,17
Loretto,17
Phebe,17
Nadia,17
Idamae,17
Avanelle,17
Margene,17
Savilla,17
Jacinta,17
Feliciana,17
Zela,17
Maydell,17
Sanjuana,17
Ferrell,17
Eliga,17
Elige,17
Cleophus,17
Evertt,17
Eual,17
Brian,17
Mell,17
Sonny,17
Wataru,17
Kunio,17
Duard,17
Ferdie,17
Isreal,17
Aram,17
Caldwell,17
Bynum,17
Hall,17
Horacio,17
Anson,17
Romolo,17
Achille,17
Reynolds,17
Shannon,17
Zigmond,17
Estanislao,17
Cesar,17
Kemper,17
Thurmond,17
Arcola,16
Littie,16
Lular,16
Capitola,16
Ovie,16
Genevia,16
Shizu,16
Venus,16
Marylouise,16
Clydie,16
Samantha,16
Wessie,16
Willena,16
Ula,16
Lurene,16
Hatsuyo,16
Tsurue,16
Hazelle,16
Lynette,16
Veneta,16
Dorothie,16
Michaeline,16
Phillis,16
Georgeanna,16
Girtie,16
Montie,16
Felicie,16
Louisiana,16
Adelene,16
Svea,16
Rheta,16
Rolande,16
Vernita,16
Dorene,16
Solveig,16
Edra,16
Luceal,16
Hermie,16
Parthenia,16
Artelia,16
Paulita,16
Dorothe,16
Dorathea,16
Rosanne,16
Berneda,16
Floretta,16
Arvella,16
Marne,16
Emmaline,16
Floride,16
Gradie,16
Lockie,16
Fransisca,16
Dionicia,16
Hermelinda,16
Zell,16
Ema,16
Lamerle,16
Inocencia,16
Almer,16
Ascencion,16
Carnell,16
Carla,16
Stonewall,16
Dawson,16
Pleas,16
Josephus,16
Cephus,16
Opie,16
Harlon,16
Torao,16
Tokio,16
Soloman,16
Son,16
Erastus,16
Thadeus,16
Audley,16
Bedford,16
Corbett,16
Hershal,16
Karol,16
Ludger,16
Neill,16
Zebulon,16
Gwyn,16
Milbert,16
Pius,16
Yale,16
Kevin,16
Meade,16
Charlton,16
Cleburne,16
Baltazar,16
Cabell,16
Annice,15
Irean,15
Luevenia,15
Georgena,15
Avo,15
Celesta,15
Artemisa,15
Hatsumi,15
Ebba,15
Doshia,15
Sallye,15
Nonie,15
Lilliemae,15
Izetta,15
Orma,15
Elnor,15
Tresa,15
Lorain,15
Evalee,15
Sylvania,15
Dorsie,15
Dulcie,15
Clotile,15
Lorina,15
Noemie,15
Jennette,15
Saima,15
Gena,15
Carleen,15
Mozel,15
Pearlene,15
Avelina,15
Senaida,15
Arietta,15
Antoniette,15
Gerry,15
Clariece,15
Lanora,15
Reda,15
Serena,15
Janey,15
Ura,15
Valrie,15
Oneita,15
Julieta,15
Fayrene,15
Trenidad,15
Porfiria,15
Lavell,15
Griffin,15
Curtiss,15
Willam,15
Eulas,15
Webb,15
Quenton,15
Wright,15
Willian,15
Little,15
Collis,15
Simeon,15
Nehemiah,15
Hitoshi,15
Art,15
Layton,15
Ancel,15
Alexis,15
Landry,15
Handy,15
Wilborn,15
Burney,15
Eulis,15
Alpheus,15
Adger,15
Percell,15
Cresencio,15
Dionisio,15
Temple,15
Alvino,15
Lavar,15
Vara,14
Asayo,14
Tomoe,14
Leva,14
Junie,14
Aldea,14
Irja,14
Leaner,14
Fredna,14
Sister,14
Loise,14
Valera,14
Modelle,14
Consuela,14
Seferina,14
Len,14
Tilford,14
Melford,14
Toxie,14
Heath,14
Graydon,14
Lazarus,14
Oreste,14
Knox,14
Toribio,14
Baldomero,14
Marry,13
Tatsuko,13
Chizuko,13
Kikuye,13
Vannie,13
Kikuyo,13
Tsuyuko,13
Yoshino,13
Masue,13
Darleen,13
Gretta,13
Olinda,13
Minta,13
Pearlean,13
Gregorita,13
Giuseppina,13
Nannette,13
Cleona,13
Edell,13
Gabriela,13
Pascuala,13
Fidelia,13
Fonda,13
Orva,13
Gillis,13
Hinton,13
Lenzy,13
Theodis,13
Tatsumi,13
Masatoshi,13
Harm,13
Vladimir,13
Niles,13
Maryland,13
Octaviano,13
Xavier,13
Valton,13
Ralston,13
Derwood,13
Capers,13
Sabas,13
Emeterio,13
Filiberto,13
Olar,12
Zera,12
Donie,12
Pearlena,12
Oralee,12
Onelia,12
Ludell,12
Dura,12
Neola,12
Lavaun,12
Gunhild,12
Renata,12
Valada,12
Lavone,12
Malta,12
Celine,12
Olita,12
Francelina,12
Toini,12
Zetta,12
Girtrude,12
Clelia,12
Gabriella,12
Bianca,12
Rosita,12
Jocelyn,12
Wilna,12
Catheryn,12
Lake,12
Princess,12
Margrette,12
Eusebia,12
Florentina,12
Mauricia,12
Valeska,12
Lota,12
Estanislada,12
Waldine,12
Consepcion,12
Romona,12
Okie,12
Alfonza,12
Lehman,12
Mitsuru,12
Nathanial,12
Raiford,12
Hammond,12
Ruffus,12
Makoto,12
Hisashi,12
Merwyn,12
Eldo,12
Orbin,12
Hassel,12
Arnett,12
Mont,12
Crit,12
Hillary,12
Ugo,12
Melburn,12
Oiva,12
Quitman,12
Robie,12
Plummer,12
Clarke,12
Mordecai,12
Horatio,12
Hy,12
Nino,12
Legrand,12
Selwyn,12
Linford,12
Griffith,12
Mingo,12
Von,12
Elgie,12
Benigno,12
Reagan,12
Isidoro,12
Crespin,12
Romulo,12
Rudolfo,12
Vidal,12
Sotero,12
Windell,12
Purcell,12
Trannie,11
Trixie,11
Climmie,11
Girlie,11
Elene,11
Jeanie,11
Haruye,11
Toshi,11
Coralee,11
Neomia,11
Cecille,11
Adelyn,11
Genelle,11
Glennis,11
Dosha,11
Carlee,11
Captola,11
Elmire,11
Flavia,11
Esma,11
Lovenia,11
Edia,11
Palmira,11
Elvi,11
Madelyne,11
Gilberte,11
Glenice,11
Lavena,11
Parlee,11
Odelle,11
Corena,11
Kizzie,11
Fredericka,11
Syd,11
Despina,11
Livia,11
Luba,11
Doretta,11
Avonelle,11
Wenona,11
Floriene,11
Elba,11
Tecora,11
Lether,11
Bernetha,11
Earther,11
Argie,11
Verline,11
Fredonia,11
Loney,11
Tonie,11
Obelia,11
Ysidra,11
Zoila,11
Dorotea,11
Loa,11
Hosey,11
Gilmore,11
Cooper,11
Auston,11
Cleven,11
Carthel,11
Geoffrey,11
Kirk,11
Rinaldo,11
Elio,11
Toshiyuki,11
Ken,11
Taro,11
Lovett,11
Tyrus,11
Cohen,11
Barnie,11
Matsuo,11
Jitsuo,11
Rollo,11
Orie,11
Donal,11
Byrl,11
Burgess,11
Harlin,11
Irvine,11
Humphrey,11
Goldman,11
Etienne,11
Joffre,11
Purvis,11
Joao,11
Tadeusz,11
Christie,11
Augustino,11
Einer,11
Luvern,11
Wendelin,11
Ruble,11
Fredie,11
Hassell,11
Evander,11
Belvin,11
Lex,11
Gideon,11
Gomer,11
Wasco,11
Phares,11
Haven,11
Hooper,11
Solon,11
Burtis,11
Hipolito,11
Macedonio,11
Roque,11
Ezequiel,11
Searcy,11
Juventino,11
Eleno,11
Burnis,11
Massie,11
Equilla,10
Dellar,10
Genie,10
Lallie,10
Dera,10
Rubbie,10
Walsie,10
Clotine,10
Dossie,10
Nerine,10
Vestal,10
Sylva,10
Armanda,10
Vessie,10
Gustava,10
Tosca,10
Mariko,10
Satsuki,10
Sebastiana,10
Ruther,10
Annelle,10
Majorie,10
Sakae,10
Maile,10
Ardys,10
Berneta,10
Ethyle,10
Carolyne,10
Demetra,10
Lotus,10
Julianne,10
Maryalice,10
Elnore,10
Marceil,10
Electa,10
Cledith,10
Isa,10
Mima,10
Alka,10
Dallie,10
Sada,10
Odella,10
Ruie,10
Lydie,10
Elvia,10
Anabel,10
Ezora,10
Leotha,10
Olla,10
Mazel,10
Betsey,10
Jadwiga,10
Isaura,10
Clarabell,10
Majel,10
Maryan,10
Milda,10
Bernette,10
Lauraine,10
Velta,10
Fredia,10
Laveda,10
Etoile,10
Melinda,10
Verta,10
Azalea,10
Odessia,10
Ilse,10
Antonietta,10
Jannette,10
Raye,10
Carmelia,10
Maryanne,10
Honey,10
Jeannie,10
Ruthella,10
Thyra,10
Izella,10
Oletta,10
Alfretta,10
Alwilda,10
Elmyra,10
Juel,10
Lunette,10
Almetta,10
Samella,10
Teofila,10
Camila,10
Novie,10
Dealva,10
Mackie,10
Novelle,10
Bernarda,10
Ebbie,10
Charmie,10
Vinson,10
Harvel,10
Prentis,10
Etheridge,10
Horton,10
Maceo,10
Cleatus,10
Dail,10
Rector,10
Arcadio,10
Dario,10
Kazuto,10
Shigeto,10
Delmas,10
Hill,10
Shedrick,10
Starling,10
Vinton,10
Alven,10
Jens,10
Leverne,10
Burrell,10
Hilding,10
Bertis,10
Lamont,10
Quinten,10
Othmar,10
Jerrold,10
Menno,10
Vencil,10
Veachel,10
Wilbern,10
Burns,10
Laymon,10
Pervis,10
Theophile,10
Hewitt,10
Presley,10
Eben,10
Alfio,10
Anibal,10
Avelino,10
Kingsley,10
Benoit,10
Delmont,10
Morley,10
Urho,10
Magnus,10
Bernhardt,10
Shelly,10
Thurmon,10
Hardie,10
Waddell,10
Gurnie,10
Grier,10
Needham,10
Sigismund,10
Procopio,10
Rumaldo,10
Abran,10
Zachary,10
Jeffrey,10
Constant,10
Wells,10
Valentino,10
Pinkney,10
Milledge,10
Auburn,10
Canuto,10
Cleburn,10
Cline,10
Duward,10
Primitivo,10
Garvis,10
Linden,10
Rufino,10
Vince,10
Aubra,10
Bentura,10
Polo,10
Venancio,10
Cephas,10
Holmes,10
Camden,10
Verbie,9
Edmae,9
Dilia,9
Roselee,9
Christell,9
Timotea,9
Venora,9
Luana,9
Lanier,9
Manly,9
Hobby,9
Hatsuye,8
Coretha,8
Tokie,8
Mahala,8
Adriana,8
Hazeline,8
Sherry,8
Helaine,8
Romilda,8
Okla,8
Elidia,8
Etna,8
Aslee,8
Sunshine,8
Alvilda,8
Glena,8
Imagene,8
Blouncie,8
Remmel,8
Broward,8
Kiyoto,8
Katsuji,8
Norvin,8
Easton,8
Anatole,8
Sullivan,8
Earley,8
Armondo,8
Ivor,8
Hasker,8
Rembert,8
Flournoy,8
Atilano,8
Nasario,8
Monico,8
Clenard,8
Lane,8
Baldemar,8
Truitt,8
Cumi,7
Arvie,7
Delila,7
Kazuye,7
Michi,7
Naomia,7
Madell,7
Mitsuyo,7
Matsuyo,7
Hyacinth,7
Nadyne,7
Gola,7
Cuba,7
Angele,7
Elzina,7
Donzell,7
Tyne,7
Cyrilla,7
Odesser,7
Willye,7
Gladies,7
Ledora,7
Naomie,7
Pecolia,7
Teresita,7
Petrita,7
Bebe,7
Sondra,7
Andree,7
Cecily,7
Lisa,7
Paulette,7
Fleeta,7
Wanza,7
Arabella,7
Walline,7
Basilia,7
Jimmye,7
Allyne,7
Cressie,7
Audelia,7
Joaquina,7
Deon,7
Arva,7
Nelia,7
Ivanelle,7
Wavie,7
Havis,7
Clayborn,7
Teddie,7
Hala,7
Dreddy,7
Toru,7
Kelton,7
Thompson,7
Kiichi,7
Goro,7
Masuo,7
Nobuichi,7
Sollie,7
Hager,7
Kerney,7
Augusto,7
Albion,7
Domingos,7
Earland,7
Milas,7
Ney,7
Saint,7
Matty,7
Dayle,7
Dane,7
Overton,7
Domnick,7
Emidio,7
Clemson,7
Garlin,7
Bartolo,7
Adalberto,7
Oather,7
Crispin,7
Leonides,7
Hensel,7
Foye,6
Birda,6
Carlean,6
Evlyn,6
Arkie,6
Eithel,6
Joella,6
Delena,6
Delphina,6
Aloha,6
Nadene,6
Matsuye,6
Takako,6
Hisaye,6
Rushie,6
Louelle,6
Ezma,6
Berma,6
Blondine,6
Ellene,6
Chiyono,6
Tatsue,6
Fumiyo,6
Haruyo,6
Shigeno,6
Sueno,6
Misayo,6
Momoyo,6
Berdina,6
Ivadell,6
Marcene,6
Loyola,6
Petronella,6
Geraldyne,6
Thea,6
Chloie,6
Alzina,6
Viney,6
Elvire,6
Eulalie,6
Gustavia,6
Aldonia,6
Lorita,6
Maudry,6
Melanie,6
Berthe,6
Iolanda,6
Pota,6
Arminda,6
Glenys,6
Theressa,6
Junice,6
Aldena,6
Lema,6
Mandie,6
Virdie,6
Birdia,6
Genell,6
Cannie,6
Isadora,6
Chessie,6
Cinderella,6
Ercell,6
Olie,6
Florette,6
Trina,6
Ramoncita,6
Lita,6
Tita,6
Placida,6
Lupita,6
Beckie,6
Carola,6
Nunziata,6
Onnolee,6
Janeth,6
Lillyan,6
Marsha,6
Mirriam,6
Michelena,6
Nilda,6
Rachelle,6
Vickie,6
Marvine,6
Zelia,6
Alleyne,6
Alyene,6
Arleta,6
Elfreda,6
Dorothee,6
Ludmilla,6
Almeter,6
Francena,6
Vermelle,6
Osa,6
Eustolia,6
Ivie,6
Zara,6
Ardie,6
Perfecta,6
Wenonah,6
Hellon,6
Ladelle,6
Refujia,6
Fredda,6
Gerarda,6
Johnetta,6
Leandra,6
Petronila,6
Agness,6
Charlean,6
Cleotilde,6
Concepsion,6
Conrada,6
Dardanella,6
Esperansa,6
Florice,6
Hortence,6
Lovetta,6
Pabla,6
Fontella,6
Delone,6
Lakie,6
Blondena,6
Ermon,6
Burnie,6
Colvin,6
Jenkins,6
Tobe,6
Clardie,6
Audy,6
Masaharu,6
Yoshiharu,6
Kei,6
Tomio,6
Sergio,6
Willy,6
Isham,6
Aldean,6
Almond,6
Cosby,6
Hachiro,6
Toshiaki,6
Sunao,6
Tokuo,6
Eichi,6
Manabu,6
Masanori,6
Yoshiyuki,6
Donavon,6
Cornie,6
Dwaine,6
Wendall,6
Ebert,6
Arvis,6
Corbit,6
Calloway,6
Warnie,6
Boone,6
Wilgus,6
Shade,6
Brent,6
Hughey,6
Rivers,6
Ameal,6
Dolph,6
Hebert,6
Elridge,6
Lennis,6
Alderic,6
Prescott,6
Valmore,6
Adelino,6
Cass,6
Henning,6
Algot,6
Varner,6
Leeman,6
Halbert,6
Osborn,6
Clance,6
Cleotha,6
Gabe,6
Garner,6
Alphonzo,6
Exum,6
Ander,6
Claudius,6
Jeter,6
Jobie,6
Norfleet,6
Wladyslaw,6
Herminio,6
Jacobo,6
Lew,6
Bartolomeo,6
Marcy,6
Monte,6
Abie,6
Lansing,6
Maximilian,6
Melvyn,6
Dorr,6
Nicolo,6
Remo,6
Shepard,6
Giro,6
Burr,6
Marcello,6
Firman,6
Corliss,6
Cody,6
Aleck,6
Bartley,6
Ellery,6
Lynford,6
Telford,6
Verdun,6
Lysle,6
Brooke,6
Mendel,6
Moultrie,6
Wilmon,6
Lelon,6
Lonas,6
Castulo,6
Abdon,6
Desiderio,6
Everardo,6
Reubin,6
Jd,6
Vollie,6
Burrel,6
Doyce,6
Tiburcio,6
Felisiano,6
Jarrell,6
Serafin,6
Abundio,6
Adrain,6
Alejo,6
Alonso,6
Cleave,6
Gavino,6
Gil,6
Jerrel,6
Jhon,6
Selestino,6
Viviano,6
Clive,6
Moir,6
Armstead,6
Dabney,6
Sebert,6
Naaman,6
Harless,6
Worthy,6
Dellie,5
Autie,5
Levis,5
Conola,5
Vonceil,5
Arlina,5
Evelene,5
Floyce,5
Lovella,5
Westonia,5
Anice,5
Arnell,5
Ezelle,5
Marget,5
Mertice,5
Orlean,5
Vanella,5
Matha,5
Albirda,5
Cozetta,5
Marcell,5
Oreatha,5
Maclovia,5
Michiye,5
Yukiye,5
Diva,5
Eiko,5
Misako,5
Nobu,5
Taeko,5
Carnation,5
Miye,5
Geannie,5
Kimi,5
Miyako,5
Sayoko,5
Sumi,5
Mari,5
Sakaye,5
Tazuko,5
Yuri,5
Oveda,5
Altamease,5
Doreatha,5
Keturah,5
Fozie,5
Beauty,5
Estoria,5
Alzada,5
Birdell,5
Epsie,5
Ilean,5
Oppie,5
Rozia,5
Rozie,5
Blossie,5
Clevie,5
Cola,5
Lutrelle,5
Beddie,5
Jurell,5
Liller,5
Verdelle,5
Bertice,5
Ellaree,5
Latrelle,5
Para,5
Bonnell,5
Kinue,5
Itsuko,5
Tsuruyo,5
Asae,5
Natsue,5
Shizuyo,5
Teruyo,5
Akie,5
Hanae,5
Misue,5
Katsue,5
Katsuko,5
Leilani,5
Tokiko,5
Umeno,5
Ayame,5
Chloris,5
Ardythe,5
Darlyne,5
Ariel,5
Klea,5
Reah,5
Janith,5
Minette,5
Phyliss,5
Ardele,5
Ellyn,5
Maryln,5
Murel,5
Zana,5
Emaline,5
Genevive,5
Thelda,5
Wladyslawa,5
Albena,5
Lawanda,5
Mila,5
Orabelle,5
Nondas,5
Genieve,5
Monzelle,5
Idabelle,5
Virgene,5
Nellora,5
Arliss,5
Artha,5
Haley,5
Icy,5
Offie,5
Shella,5
Katherin,5
Tevis,5
Ama,5
Ample,5
Estie,5
Evadean,5
Nelva,5
Zilpha,5
Louanna,5
Ophia,5
Charlesetta,5
Claris,5
Grethel,5
Kelsie,5
Rissie,5
Udell,5
Editha,5
Unknown,5
Lendora,5
Narcille,5
Pinkey,5
Edolia,5
Eloyse,5
Leonise,5
Clytie,5
Lear,5
Loula,5
Camella,5
Balbina,5
Aino,5
Persis,5
Aphrodite,5
Fernanda,5
Rosalina,5
Zofia,5
Laurinda,5
Alexina,5
Villa,5
Muguette,5
Eilene,5
Trena,5
Alyda,5
Bethany,5
Donelda,5
Beata,5
Viona,5
Lidwina,5
Larayne,5
Ordella,5
Theone,5
Cuma,5
Alleen,5
Nana,5
Maralee,5
Mamye,5
Isola,5
Lodell,5
Luretha,5
Savanah,5
Dezzie,5
Luddie,5
Arnette,5
Juanice,5
Lelar,5
Lara,5
Maddie,5
Rosielee,5
Genora,5
Mazzie,5
Louetta,5
Clyda,5
Corrina,5
Tamer,5
Quessie,5
Bedie,5
Fonnie,5
Junita,5
Maizie,5
Missie,5
Nicy,5
Rubell,5
Lucielle,5
Willette,5
Ragna,5
Theresia,5
Ottilia,5
Albie,5
Orneta,5
Stephie,5
Erminda,5
Fedelina,5
Sinforosa,5
Andreita,5
Delfinia,5
Estefanita,5
Tonita,5
Lugarda,5
Crucita,5
Emelina,5
Chonita,5
Lugardita,5
Piedad,5
Clotilda,5
Giovannina,5
Salina,5
Cele,5
Belma,5
Grazia,5
Josphine,5
Lucrezia,5
Maisie,5
Vincie,5
Wreatha,5
Casimera,5
Cira,5
Emmy,5
Hildagarde,5
Margeret,5
Racheal,5
Rina,5
Rosaleen,5
Sari,5
Seraphine,5
Carlotta,5
Fortuna,5
Ilona,5
Immaculate,5
Maryelizabeth,5
Tatiana,5
Thecla,5
Venera,5
Dorothey,5
Karin,5
Mayfred,5
Philippa,5
Roseanne,5
Selda,5
Vincenzia,5
Vitina,5
Audrie,5
Laurice,5
Sofie,5
Jill,5
Keitha,5
Leonilda,5
Margo,5
Margy,5
Minnette,5
Onolee,5
Patrina,5
Celestia,5
Clarabel,5
Marvene,5
Weltha,5
Clela,5
Katrina,5
Marvelle,5
Floris,5
Neomi,5
Audine,5
Francile,5
Claramae,5
Henryetta,5
Lawana,5
Francille,5
Inola,5
Sybol,5
Rea,5
Arabelle,5
Leoda,5
Rhelda,5
Theora,5
Maryetta,5
Mirian,5
Angelena,5
Blodwyn,5
Colletta,5
Margretta,5
Palmyra,5
Patience,5
Pheobe,5
Altheda,5
Jene,5
Magdelene,5
Paulene,5
Araminta,5
Cassandra,5
Roseann,5
Valia,5
Almena,5
Pretto,5
Anniebell,5
Deanie,5
Sunnie,5
Hannie,5
Janelle,5
Rosabell,5
Clydia,5
Donella,5
Eller,5
Ertha,5
Genever,5
Clorine,5
Elloree,5
Modestine,5
Orena,5
Perline,5
Robertha,5
Sussie,5
Beauton,5
Euretha,5
Cliffie,5
Rozelle,5
Dola,5
Rema,5
Roena,5
Graple,5
Lorell,5
Vercie,5
Cloda,5
Demetria,5
Ermine,5
Gertrudes,5
Macaria,5
Benigna,5
Dessa,5
Docia,5
Dolorez,5
Eulogia,5
Faynell,5
Iantha,5
Indiana,5
Moselle,5
Thalia,5
Viviana,5
Zudora,5
Anselma,5
Cloma,5
Graciela,5
Leita,5
Lusia,5
Mada,5
Maedelle,5
Narcisa,5
Novis,5
Othello,5
Pola,5
Sophronia,5
Willow,5
Babe,5
Baby,5
Charlsey,5
Cristela,5
Frankye,5
Katheryne,5
Laurencia,5
Lucyle,5
Marcie,5
Vira,5
Alsace,5
Bena,5
Candida,5
Earma,5
Ernesteen,5
Loleta,5
Lucila,5
Marine,5
Matiana,5
Miladie,5
Thekla,5
Verdia,5
Zuma,5
Arlee,5
Bennye,5
Berna,5
Bonifacia,5
Brigida,5
Estellene,5
Itasca,5
Jessye,5
Josephina,5
Luciana,5
Mattye,5
Nasaria,5
Norvell,5
Rubylee,5
Sharon,5
Alcie,5
Arcelia,5
Beuna,5
Charlyne,5
Christelle,5
Eluteria,5
Levada,5
Margurette,5
Mickie,5
Nellene,5
Rumalda,5
Santiaga,5
Victoriana,5
Geneve,5
Utahna,5
Karma,5
Marva,5
Luvinia,5
Virgina,5
Orvilla,5
Terese,5
Vila,5
Irmgard,5
Emerine,5
Glida,5
Dreama,5
Merlie,5
Brookie,5
Vauda,5
Truby,5
Dorma,5
Forney,5
Lewie,5
Ollis,5
Wood,5
Benard,5
Durell,5
Blanton,5
Grafton,5
Yancy,5
Lemmie,5
Robt,5
Euell,5
Langston,5
Embry,5
Lecil,5
Sims,5
Westley,5
Birt,5
Garlon,5
Hays,5
Harvy,5
Odus,5
Gaylon,5
Larence,5
Athel,5
Donn,5
Shozo,5
Desmond,5
Seiichi,5
Shigeki,5
Toshiro,5
Rutherford,5
Thelmon,5
Powell,5
Broughton,5
Bunyan,5
Iverson,5
Littleton,5
Theophilus,5
Felder,5
Oswell,5
Herchel,5
Seabron,5
Lacey,5
Owens,5
Addis,5
Eschol,5
Hardwick,5
Idus,5
Inman,5
Ivery,5
Mathews,5
Seals,5
Kam,5
Sadamu,5
Soichi,5
Tsuneo,5
Morio,5
Seiki,5
Shoji,5
Tsuyoshi,5
Seikichi,5
Sueo,5
Yoshiaki,5
Yoshikatsu,5
Kotaro,5
Matsuichi,5
Masakatsu,5
Tadayoshi,5
Tokuichi,5
Loras,5
Evo,5
Zenon,5
Judd,5
Quintin,5
Val,5
Farrel,5
Gearld,5
Orley,5
Claron,5
Meryl,5
Ethan,5
Letcher,5
Aster,5
Hargus,5
Lenvil,5
Custer,5
Proctor,5
Warfield,5
Wavy,5
Carless,5
Kline,5
Tollie,5
Daymon,5
Linville,5
Arnel,5
Lenville,5
Parnell,5
Selbert,5
Stoy,5
Emeal,5
Euclide,5
Minos,5
Elson,5
Matthews,5
Aswell,5
Francois,5
Julien,5
Ogden,5
Sawyer,5
Sven,5
Armen,5
Konstanty,5
Leonidas,5
Lothrop,5
Phillips,5
Emelio,5
Gildo,5
Olavi,5
Erlon,5
Loomis,5
Colby,5
Sewall,5
Irven,5
Chancey,5
Vernard,5
Wilburt,5
Amil,5
Devere,5
Evart,5
Philo,5
Knute,5
Reinhard,5
Erle,5
Thorvald,5
Alcuin,5
Germain,5
Levern,5
Duaine,5
Noland,5
Irl,5
Hadley,5
Uel,5
Avon,5
Carrel,5
Efton,5
Ras,5
Smiley,5
Orange,5
Bossie,5
Edmon,5
Excell,5
Mansfield,5
Reggie,5
Tee,5
Cleother,5
Other,5
Estus,5
President,5
Woodard,5
Astor,5
Brodie,5
Lattie,5
Jame,5
Thedore,5
Tyler,5
Wingate,5
Banner,5
Coyte,5
Hallet,5
Harlee,5
Thermon,5
Burlie,5
Cleophas,5
Flake,5
Ronda,5
Collin,5
Craven,5
Fernie,5
Furney,5
Kenny,5
Luby,5
Acy,5
Claxton,5
Dolan,5
Lathan,5
Morrison,5
Mosby,5
Oddie,5
Plato,5
Robah,5
Talbert,5
Trygve,5
Thayne,5
Lemoyne,5
Tunis,5
Perfecto,5
Tranquilino,5
Adelaido,5
Abelino,5
Rubel,5
Ubaldo,5
Stefano,5
Ethelbert,5
Ian,5
Marc,5
Mayer,5
Savino,5
Arcangelo,5
Constantino,5
Fergus,5
Pincus,5
Adolphe,5
Cesare,5
Faust,5
Gesualdo,5
Ladislav,5
Mandel,5
Solly,5
Stanly,5
Kenyon,5
Sholom,5
Amedio,5
Darnley,5
Gifford,5
Joeseph,5
Kendrick,5
Allyn,5
Arland,5
Catello,5
Fordyce,5
Glenford,5
Halsey,5
Hartley,5
Hermann,5
Judah,5
Philander,5
Rico,5
Rocky,5
Nile,5
Danial,5
Amiel,5
Derrill,5
Zolton,5
Jr,5
Doy,5
Lance,5
Harrel,5
Mart,5
Quention,5
Sequoyah,5
Arbie,5
Watie,5
Faber,5
Arlan,5
Kimber,5
Teofil,5
Zygmund,5
Americus,5
Matthias,5
Sigmond,5
Stiney,5
Algerd,5
Deno,5
Gardiner,5
Harper,5
Levere,5
Primo,5
Wasil,5
Fraser,5
Torrence,5
Wassil,5
Lisle,5
Todd,5
Zane,5
Aldor,5
English,5
Boston,5
Bubber,5
Allard,5
Ingram,5
Beaufort,5
Namon,5
Simpson,5
Tallie,5
Ceasar,5
Drayton,5
Sumter,5
Erskin,5
Hovie,5
Ryan,5
Sloan,5
Carney,5
Burch,5
Spence,5
Cam,5
Thales,5
Jere,5
Minnis,5
Erby,5
Shields,5
Easley,5
Mayford,5
Samual,5
Arville,5
Lasaro,5
Ascension,5
Calistro,5
Elpidio,5
Higinio,5
Jeronimo,5
Newt,5
Ace,5
Anastasio,5
Braulio,5
Calixto,5
Filomeno,5
Hiawatha,5
Jarrett,5
Orman,5
Oswaldo,5
Silvester,5
Woody,5
Atanacio,5
Autrey,5
Baltasar,5
Britton,5
Burke,5
Celso,5
Gilford,5
Milam,5
Noal,5
Rodgers,5
Teofilo,5
Urbano,5
Bisente,5
Carrell,5
Elijio,5
Homero,5
Cirilo,5
Collier,5
Espiridion,5
Fisher,5
Jed,5
Mcadoo,5
Aldon,5
Byrd,5
Cash,5
Cesario,5
Chon,5
Cornelio,5
Derward,5
Eleuterio,5
Gorge,5
Grabiel,5
Juaquin,5
Rogerio,5
Saragosa,5
Volney,5
Eldie,5
Eligio,5
Esiquio,5
Jap,5
Johnney,5
Levester,5
Luiz,5
Maurilio,5
Maximiliano,5
Rube,5
Salbador,5
Sipriano,5
Telesforo,5
Demar,5
Shirl,5
Chad,5
Mckay,5
Woodruff,5
Garn,5
Purnell,5
Gibson,5
Pernell,5
Branch,5
Fitzhugh,5
Olden,5
Detroit,5
Wilferd,5
Gerhart,5
Orlan,5
Ersel,5
Otmer,5
Delford,5
Holly,5
Opha,5
Dorsel,5
Ott,5